{
  "dataset": {
    "total": 20000,
    "pos": 20000,
    "neg": 0
  },
  "opencv": {
    "count": 20000,
    "count_valid": 20000,
    "failure_rate": 0.0,
    "mean": 0.4613661766052246,
    "p50": 0.1535884141921997,
    "p90": 1.290520429611206,
    "p95": 1.770203948020935,
    "p99": 4.633978366851807,
    "max": 8.582907676696777
  },
  "ml": {
    "count": 20000,
    "count_valid": 20000,
    "failure_rate": 0.0,
    "mean": 0.055246710777282715,
    "p50": 0.046800967305898666,
    "p90": 0.10034561157226562,
    "p95": 0.1274782121181488,
    "p99": 0.19904807209968567,
    "max": 0.6935595870018005
  },
  "conf": {
    "pos_count": 20000,
    "neg_count": 0,
    "conf_pos_mean": 0.1705973893404007,
    "conf_pos_p95": 0.5719155669212341,
    "conf_neg_mean": null,
    "conf_neg_p95": null
  },
  "opencv_blur": [
    {
      "count": 2472,
      "count_valid": 2472,
      "failure_rate": 0.0,
      "mean": 0.1018061712384224,
      "p50": 0.0720471441745758,
      "p90": 0.24235086143016815,
      "p95": 0.30222177505493164,
      "p99": 0.38913416862487793,
      "max": 0.4680848717689514,
      "range": [
        0.0,
        0.5
      ],
      "count_in_bin": 2472
    },
    {
      "count": 2515,
      "count_valid": 2515,
      "failure_rate": 0.0,
      "mean": 0.09366222470998764,
      "p50": 0.06604582071304321,
      "p90": 0.20756903290748596,
      "p95": 0.26587310433387756,
      "p99": 0.37703269720077515,
      "max": 0.46717187762260437,
      "range": [
        0.5,
        1.0
      ],
      "count_in_bin": 2515
    },
    {
      "count": 2447,
      "count_valid": 2447,
      "failure_rate": 0.0,
      "mean": 0.1001814752817154,
      "p50": 0.07819540053606033,
      "p90": 0.20625895261764526,
      "p95": 0.2633472681045532,
      "p99": 0.3522266745567322,
      "max": 0.6204676628112793,
      "range": [
        1.0,
        1.5
      ],
      "count_in_bin": 2447
    },
    {
      "count": 5002,
      "count_valid": 5002,
      "failure_rate": 0.0,
      "mean": 0.1482062190771103,
      "p50": 0.1181216612458229,
      "p90": 0.3005150258541107,
      "p95": 0.37374943494796753,
      "p99": 0.5374736785888672,
      "max": 0.9281330108642578,
      "range": [
        1.5,
        2.5
      ],
      "count_in_bin": 5002
    }
  ],
  "ml_blur": [
    {
      "count": 2472,
      "count_valid": 2472,
      "failure_rate": 0.0,
      "mean": 0.04694592207670212,
      "p50": 0.04017549380660057,
      "p90": 0.08133654296398163,
      "p95": 0.10612238943576813,
      "p99": 0.17837680876255035,
      "max": 0.2920913100242615,
      "range": [
        0.0,
        0.5
      ],
      "count_in_bin": 2472
    },
    {
      "count": 2515,
      "count_valid": 2515,
      "failure_rate": 0.0,
      "mean": 0.04854488745331764,
      "p50": 0.042021624743938446,
      "p90": 0.08486263453960419,
      "p95": 0.11214560270309448,
      "p99": 0.1869225949048996,
      "max": 0.2718951404094696,
      "range": [
        0.5,
        1.0
      ],
      "count_in_bin": 2515
    },
    {
      "count": 2447,
      "count_valid": 2447,
      "failure_rate": 0.0,
      "mean": 0.0487881675362587,
      "p50": 0.04253942146897316,
      "p90": 0.08443064242601395,
      "p95": 0.110508494079113,
      "p99": 0.1822863519191742,
      "max": 0.31914570927619934,
      "range": [
        1.0,
        1.5
      ],
      "count_in_bin": 2447
    },
    {
      "count": 5002,
      "count_valid": 5002,
      "failure_rate": 0.0,
      "mean": 0.05312849208712578,
      "p50": 0.045989371836185455,
      "p90": 0.09360575675964355,
      "p95": 0.11780698597431183,
      "p99": 0.1963154375553131,
      "max": 0.3228021264076233,
      "range": [
        1.5,
        2.5
      ],
      "count_in_bin": 5002
    }
  ],
  "opencv_noise": [
    {
      "count": 3975,
      "count_valid": 3975,
      "failure_rate": 0.0,
      "mean": 0.38818222284317017,
      "p50": 0.10109375417232513,
      "p90": 1.0738834142684937,
      "p95": 1.5603126287460327,
      "p99": 7.430256366729736,
      "max": 8.43311595916748,
      "range": [
        0.0,
        2.0
      ],
      "count_in_bin": 3975
    },
    {
      "count": 6023,
      "count_valid": 6023,
      "failure_rate": 0.0,
      "mean": 0.4122420847415924,
      "p50": 0.1320274919271469,
      "p90": 1.1602956056594849,
      "p95": 1.6167855262756348,
      "p99": 4.53012228012085,
      "max": 8.582907676696777,
      "range": [
        2.0,
        5.0
      ],
      "count_in_bin": 6023
    },
    {
      "count": 10002,
      "count_valid": 10002,
      "failure_rate": 0.0,
      "mean": 0.5200324058532715,
      "p50": 0.19384081661701202,
      "p90": 1.432747721672058,
      "p95": 1.964884877204895,
      "p99": 4.472727298736572,
      "max": 8.287193298339844,
      "range": [
        5.0,
        10.0
      ],
      "count_in_bin": 10002
    },
    {
      "count": 0,
      "count_valid": 0,
      "failure_rate": 0.0,
      "mean": null,
      "p50": null,
      "p90": null,
      "p95": null,
      "p99": null,
      "max": null,
      "range": [
        10.0,
        20.0
      ],
      "count_in_bin": 0
    }
  ],
  "ml_noise": [
    {
      "count": 3975,
      "count_valid": 3975,
      "failure_rate": 0.0,
      "mean": 0.04889751225709915,
      "p50": 0.04146672040224075,
      "p90": 0.0864909440279007,
      "p95": 0.11213063448667526,
      "p99": 0.18611568212509155,
      "max": 0.30681389570236206,
      "range": [
        0.0,
        2.0
      ],
      "count_in_bin": 3975
    },
    {
      "count": 6023,
      "count_valid": 6023,
      "failure_rate": 0.0,
      "mean": 0.05197031423449516,
      "p50": 0.04416939616203308,
      "p90": 0.09276845306158066,
      "p95": 0.11809608340263367,
      "p99": 0.1927107870578766,
      "max": 0.3255041539669037,
      "range": [
        2.0,
        5.0
      ],
      "count_in_bin": 6023
    },
    {
      "count": 10002,
      "count_valid": 10002,
      "failure_rate": 0.0,
      "mean": 0.05974298343062401,
      "p50": 0.051216140389442444,
      "p90": 0.10874073207378387,
      "p95": 0.13559377193450928,
      "p99": 0.20296284556388855,
      "max": 0.6935595870018005,
      "range": [
        5.0,
        10.0
      ],
      "count_in_bin": 10002
    },
    {
      "count": 0,
      "count_valid": 0,
      "failure_rate": 0.0,
      "mean": null,
      "p50": null,
      "p90": null,
      "p95": null,
      "p99": null,
      "max": null,
      "range": [
        10.0,
        20.0
      ],
      "count_in_bin": 0
    }
  ],
  "opencv_severity": [
    {
      "count": 2033,
      "count_valid": 2033,
      "failure_rate": 0.0,
      "mean": 0.49775272607803345,
      "p50": 0.1651279479265213,
      "p90": 1.3636081218719482,
      "p95": 1.8677351474761963,
      "p99": 5.286524772644043,
      "max": 8.381217956542969,
      "range": [
        0.0,
        0.0010000000474974513
      ],
      "count_in_bin": 2033
    },
    {
      "count": 8967,
      "count_valid": 8967,
      "failure_rate": 0.0,
      "mean": 0.454998254776001,
      "p50": 0.15477825701236725,
      "p90": 1.2823526859283447,
      "p95": 1.7544294595718384,
      "p99": 4.162021160125732,
      "max": 8.582907676696777,
      "range": [
        0.0010000000474974513,
        0.0024999999441206455
      ],
      "count_in_bin": 8967
    },
    {
      "count": 8845,
      "count_valid": 8845,
      "failure_rate": 0.0,
      "mean": 0.4596162438392639,
      "p50": 0.14882998168468475,
      "p90": 1.2863131761550903,
      "p95": 1.7651163339614868,
      "p99": 5.1343913078308105,
      "max": 8.413010597229004,
      "range": [
        0.0024999999441206455,
        0.004999999888241291
      ],
      "count_in_bin": 8845
    },
    {
      "count": 155,
      "count_valid": 155,
      "failure_rate": 0.0,
      "mean": 0.4523632526397705,
      "p50": 0.2035571038722992,
      "p90": 0.9641715288162231,